Issue Id;Issue type;Test type;Test Summary;Description;Project key;Action;Data;Result;Links
1;Test;Manual;[COA-9549] Первый tooltip после первого пункта Daily Plan;"Предусловия: Новый пользователь; после установки доступен Daily Plan с незавершённым пунктом. Источник: https://the-coach.atlassian.net/browse/COA-9549";COA;Открыть Daily Plan до выполнения любого пункта.;;Первый tooltip у селектора программ не показан.;COA-9549
1;;Manual;;;;Выполнить любой первый пункт Daily Plan и вернуться в Daily Plan.;Любой доступный пункт;Появляется первый tooltip у селектора программ.;
1;;Manual;;;;"Закрыть tooltip, выйти из Daily Plan и вернуться; выполнить ещё один пункт.";;Первый tooltip повторно не появляется.;
2;Test;Manual;[COA-9549] Первое переключение: Cancel не меняет программу и не отключает подтверждение;"Предусловия: Аккаунт ещё ни разу успешно не переключал программу; открыт Daily Plan. Источник: https://the-coach.atlassian.net/browse/COA-9549";COA;Открыть селектор программ и выбрать программу, отличную от текущей.;;"До фактической смены программы открыт confirmation popup; текущая программа и Daily Plan не изменились.";COA-9549
2;;Manual;;;;Нажать Cancel и проверить Daily Plan.;;"Popup закрыт; текущая программа и Daily Plan прежние.";
2;;Manual;;;;Повторить попытку выбрать другую программу.;;Confirmation popup показан снова до смены программы.;
3;Test;Manual;[COA-9549] Подтверждённое переключение и второй tooltip только один раз;"Предусловия: Аккаунт ещё ни разу успешно не переключал программу; доступны минимум две программы. Источник: https://the-coach.atlassian.net/browse/COA-9549";COA;Выбрать другую программу через селектор и подтвердить переключение.;;"Открывается Daily Plan выбранной программы; возле селектора показан второй tooltip с текстом «To switch back, tap here» и кнопкой OK.";COA-9549
3;;Manual;;;;Нажать OK, выйти из Daily Plan и вернуться.;;Второй tooltip закрыт и повторно не появляется.;
3;;Manual;;;;Переключиться обратно и затем ещё раз на другую программу.;;"Оба переключения происходят сразу; confirmation popup и второй tooltip больше не показываются.";
4;Test;Manual;[COA-9549] Первый tooltip для нового аккаунта после смены аккаунта;"Предусловия: На устройстве первый аккаунт уже видел первый tooltip; есть возможность создать второй новый тестовый аккаунт. Источник: https://the-coach.atlassian.net/browse/COA-9549";COA;Выйти из первого аккаунта и войти в новый аккаунт без переустановки приложения.;;Открывается Daily Plan нового аккаунта.;COA-9549
4;;Manual;;;;До выполнения пункта проверить селектор программ.;;Первый tooltip не показан.;
4;;Manual;;;;Выполнить первый пункт Daily Plan нового аккаунта и вернуться в Daily Plan.;;Для нового аккаунта показан первый tooltip.;
5;Test;Manual;[COA-9549] Первый tooltip после переустановки приложения;"Предусловия: На тестовом аккаунте первый tooltip уже был показан; после переустановки останется доступный незавершённый пункт Daily Plan. Источник: https://the-coach.atlassian.net/browse/COA-9549";COA;Удалить приложение, установить ту же сборку заново и войти в тот же аккаунт.;;Приложение открывает Daily Plan после необходимых стартовых шагов.;COA-9549
5;;Manual;;;;Выполнить первый доступный пункт Daily Plan после переустановки и вернуться в Daily Plan.;;Первый tooltip показан после возврата.;
6;Test;Manual;[COA-9549] Аналитика нового flow переключения программ;"Предусловия: Доступен приёмник или просмотр событий аналитики; аккаунт ещё не выполнял первое переключение. Источник: https://the-coach.atlassian.net/browse/COA-9549";COA;Открыть селектор программ, выбрать другую программу и нажать Cancel в confirmation popup.;;"Существующие события селектора сохраняются; зарегистрированы показ confirmation и Cancel; успешное переключение не зарегистрировано.";COA-9549
6;;Manual;;;;Повторить выбор, нажать Switch program и затем OK во втором tooltip.;;"Зарегистрированы повторный показ confirmation, Switch program, успешное переключение и OK второго tooltip; существующие события переключения сохраняются.";
7;Test;Manual;[COA-9551] Скорости воспроизведения и сохранение скорости при прерывании;"Предусловия: Доступен урок с речью длительностью не менее минуты; видео ещё не запущено. Источник: https://the-coach.atlassian.net/browse/COA-9551";COA;Открыть урок и меню скорости.;;"Текущая скорость x1; доступны ровно x0.5, x0.75, x1, x1.25, x1.5 и x2; x3 отсутствует.";COA-9551
7;;Manual;;;;Во время воспроизведения последовательно выбрать доступные скорости и наблюдать позицию и звук.;x0.5, x0.75, x1, x1.25, x1.5, x2;"Выбранная скорость отображается и применяется; видео не начинается заново и не перематывается; речь понятна, высота голоса не искажена.";
7;;Manual;;;;Оставить скорость отличной от x1, поставить видео на паузу и продолжить.;Например x1.5;Выбранная скорость сохраняется.;
7;;Manual;;;;Свернуть приложение и вернуться к уроку.;;Выбранная скорость сохраняется.;
8;Test;Manual;[COA-9551] Перемотка тапом и перетаскиванием, границы и состояние плеера;Предусловия: Доступен урок длительностью больше 30 секунд. Источник: https://the-coach.atlassian.net/browse/COA-9551;COA;Открыть видео и посмотреть шкалу.;;"Видны текущее время и общая длительность; шкала соответствует всей длине видео; кнопки ±15 секунд доступны.";COA-9551
8;;Manual;;;;Перетаскивать ползунок к другой позиции, не отпуская его.;;Во время перетаскивания показанное целевое время обновляется вслед за ползунком.;
8;;Manual;;;;Отпустить ползунок, затем тапнуть по другой позиции шкалы.;;"В обоих случаях воспроизведение продолжается с выбранной позиции; отображаемое время и состояние кнопки Play/Pause соответствуют фактическому воспроизведению.";
8;;Manual;;;;Поставить видео на паузу и перемотать ползунком.;;"Видео продолжает играть с выбранного места; кнопка показывает Pause, а не Play.";
8;;Manual;;;;Нажать −15 секунд в начале и +15 секунд у конца видео.;;Позиция остаётся в пределах от 0 до общей длительности.;
8;;Manual;;;;Перемотать в самый конец.;;Видео корректно завершается.;
9;Test;Manual;[COA-9551] Позиции двух уроков сохраняются независимо;"Предусловия: Доступны два ранее не открытых урока A и B длительностью больше минуты; на устройстве достаточно времени для воспроизведения. Источник: https://the-coach.atlassian.net/browse/COA-9551";COA;Открыть урок A впервые, затем урок B впервые.;;Оба урока при первом открытии начинаются с начала.;COA-9551
9;;Manual;;;;"Просмотреть урок A до позиции меньше 95%, выйти и открыть B; просмотреть B до другой позиции меньше 95%, выйти.";Разные заметные позиции A и B;Позиции сохранены независимо.;
9;;Manual;;;;Повторно открыть A, затем B.;;Каждый урок продолжается со своей сохранённой позиции.;
9;;Manual;;;;Свернуть приложение во время A, вернуться, затем закрыть приложение обычным способом и открыть A снова.;;Позиция A не теряется после сворачивания и повторного открытия приложения.;
10;Test;Manual;[COA-9551] Порог 95% для возобновления урока;"Предусловия: Доступен урок с известной общей длительностью; позицию можно задать точно настолько, чтобы различить меньше 95% и от 95%. Источник: https://the-coach.atlassian.net/browse/COA-9551";COA;Остановить просмотр до 95% длительности, выйти из урока и открыть его снова.;Например 90% длительности;Урок продолжается с сохранённого места.;COA-9551
10;;Manual;;;;Досмотреть до позиции от 95% длительности, выйти и открыть урок снова.;Не менее 95% длительности;Урок начинается с начала, а не с концовки.;
11;Test;Manual;[COA-9551] Входящий звонок не сбрасывает скорость;"Предусловия: На тестовое устройство можно совершить контролируемый входящий звонок; открыт урок, скорость отлична от x1. Источник: https://the-coach.atlassian.net/browse/COA-9551";COA;Во время воспроизведения принять входящий звонок, завершить его и вернуться в урок.;Например скорость x1.5;"Выбранная скорость сохранена; воспроизведение можно продолжить без сброса скорости.";COA-9551
