"BROKEN","EPIC","FAILED","FEATURE","PASSED","SKIPPED","STORY","UNKNOWN"
"0","The Coach Explore","0","Explore navigation","1","0","","0"
"0","The Coach Explore","0","Explore regression","1","0","","0"
"3","The Coach Profile","0","Profile","5","0","","0"
"0","The Coach Profile","0","Navigation","1","0","","0"
"5","","0","","0","4","","0"
"1","The Coach Explore","0","Explore swipe navigation","3","0","","0"
"0","The Coach Explore","0","Mind Practices","2","0","","0"
"11","Chat","0","ChatBot","0","0","","0"
"11","Chat","0","Chat","0","0","","0"
"1","The Coach PDF Guides","0","Profile","0","0","","0"
"1","The Coach PDF Guides","0","PDF Guides","0","0","","0"
"0","The Coach Daily Plan","0","Daily Plan","3","2","","0"
"0","The Coach Daily Plan","0","Program arrows","1","0","","0"
"2","Tests For Search Articles in Feed","0","Search","0","0","","0"
"2","Tests For Search Articles in Feed","0","Feed","0","0","","0"
"1","The Coach Profile","0","FAQ","0","0","","0"
"1","The Coach Kegel exercises","0","Daily Plan","1","0","","0"
"2","The Coach Kegel exercises","1","Kegel exercises","1","1","","0"
"1","The Coach Kegel exercises","0","Exercise player","0","0","","0"
"0","The Coach Daily Plan","0","Daily Plan customization","0","1","","0"
"0","The Coach Explore","0","Explore sections","4","0","","0"
"0","The Coach Explore","0","Courses","2","0","","0"
"1","The Coach Explore","0","Main programs","1","0","","0"
"0","The Coach Explore","0","Body Practices","2","0","","0"
"0","The Coach Kegel exercises","1","Exercise instruction","0","0","","0"
"0","The Coach Profile","0","Authorization","2","0","","0"
"3","Profile","0","Program","0","0","","0"
"3","Profile","0","Tracks","0","0","","0"
"0","The Coach authorization","0","Authorization","5","0","","0"
"0","The Coach authorization","0","Existing user progress","1","0","","0"
"0","The Coach Explore","0","Explore body practices","1","0","","0"
"0","The Coach Explore","0","Custom Kegel","1","0","","0"
"1","The Coach Explore","0","Explore courses","0","0","","0"
"1","The Coach Explore","0","Course details","0","0","","0"
"0","The Coach authorization","0","OTP","2","0","","0"
"0","The Coach Profile","0","Account Settings","1","0","","0"
"0","The Coach Kegel exercises","0","Exercise intensity","0","1","","0"
"0","The Coach Kegel exercises","0","Exercise start screen","1","0","","0"
"1","The Coach Profile","0","Terms","0","0","","0"
"0","The Coach authorization","0","Email validation","1","0","","0"
"0","The Coach Push notifications","0","Push","0","1","","0"
"0","The Coach Push notifications","0","Permissions","0","1","","0"
"0","The Coach male build","0","Male start screen","2","0","","0"
"0","The Coach male build","0","Authorization","1","0","","0"
"1","The Coach Profile","0","Support","0","0","","0"
"0","The Coach Daily Plan","0","Daily Practice","2","0","","0"
"0","The Coach Daily Plan","0","Exercises","1","0","","0"
"1","The Coach Kegel exercises","0","Exercise player settings","0","0","","0"
"0","The Coach Profile","0","Account safety","1","0","","0"
"0","The Coach male build","0","Legal links","1","0","","0"
"0","The Coach male build","0","Onboarding entry","1","0","","0"
"1","The Coach current iOS flow","0","Feed","0","0","","0"
"1","The Coach current iOS flow","0","Profile","0","0","","0"
"1","The Coach current iOS flow","0","Start screen","0","0","","0"
"0","The Coach authorization","0","Start screen","1","0","","0"
"0","The Coach Daily Plan","0","Daily Lessons","0","1","","0"
"1","The Coach Explore","0","Explore programs","0","0","","0"
"1","The Coach Explore","0","Program details","0","0","","0"
