"DESCRIPTION","DURATION IN MS","NAME","PARENT SUITE","START TIME","STATUS","STOP TIME","SUB SUITE","SUITE","TEST CLASS","TEST METHOD"
"Verifies the current Explore tab plus absence of retired Programs/Tools navigation and sections.","4289","COA-8178 COA-8179 COA-8180 Explore uses the current navigation","","2026-07-27","passed","2026-07-27","","tests.ExploreTests","tests.ExploreTests","testExploreUsesCurrentNavigation"
"Verifies Profile access from Today and Explore for an authorized existing-progress user.","55115","COA-8503 Profile can be opened from main tabs","","2026-07-27","passed","2026-07-27","","tests.CoachProfileTests","tests.CoachProfileTests","test02ProfileCanBeOpenedFromMainTabs"
"","5930","testSaveFirstArticleToMyList","","2026-07-27","broken","2026-07-27","","tests.HW.MyListsTests","tests.HW.MyListsTests","testSaveFirstArticleToMyList"
"Finds Mind Practices, horizontally swipes until its last card is fully visible, opens it, verifies the exercise start screen, and returns.","26236","Swipe Mind Practices and open the last practice","","2026-07-27","passed","2026-07-27","","tests.ExploreTests","tests.ExploreTests","testSwipeToLastMindPracticeAndOpenIt"
"Тест отправляет в чате дебажное сообщение и получает карточку с оранжевой кнопкой","11010","Интент //debug_cards","","2026-07-27","broken","2026-07-27","","tests.ChatTests","tests.ChatTests","testChatInput8"
"Covers the PDF Guide / E-workbook manual block by opening My workbook from Profile, verifying the upsell paywall, and closing it without purchasing.","35282","PDF guide upsell opens from My workbook","","2026-07-27","broken","2026-07-27","","tests.PdfGuideTests","tests.PdfGuideTests","testPdfGuideUpsellOpensFromMyWorkbook"
"Verifies that the current Daily Plan stage stays selected after tapping the next-day arrow; closes the locked next-day popup if the build shows it.","18394","COA-7961 COA-7985 Daily Plan does not advance to a locked next day","","2026-07-27","passed","2026-07-27","","tests.DailyPlanTests","tests.DailyPlanTests","test02DailyPlanLockedNextDayAndFirstDayLeftArrow"
"Тест отправляет в чате дебажное сообщение и получает сообщение с ссылкой","10431","Интент /debug_link","","2026-07-27","broken","2026-07-27","","tests.ChatTests","tests.ChatTests","testChatInput7"
"Тест отправляет в чате дебажное сообщение и получает пикер роста","10503","Интент /debug_controls_dimension_picker_height","","2026-07-27","broken","2026-07-27","","tests.ChatTests","tests.ChatTests","testChatInput10"
"","11004","testPassThroughWelcome","","2026-07-27","broken","2026-07-27","","tests.HW.GetStartedTest","tests.HW.GetStartedTest","testPassThroughWelcome"
"","1","testCheckSearchArticleInBackground","","2026-07-27","skipped","2026-07-27","","tests.HW.ChangeAppCondition","tests.HW.ChangeAppCondition","testCheckSearchArticleInBackground"
"тест тест тест","10776","Поиск в Feed по названию статьи","","2026-07-27","broken","2026-07-27","","tests.SearchTests","tests.SearchTests","testSearch"
"","27","testChangeScreenOrientationOnSearchResult","","2026-07-27","skipped","2026-07-27","","tests.HW.ChangeAppCondition","tests.HW.ChangeAppCondition","testChangeScreenOrientationOnSearchResult"
"Starts from the existing-progress account, opens FAQ from Profile, verifies the browser content, and closes it back to Profile.","38415","COA-7205 Profile FAQ opens and closes","","2026-07-27","broken","2026-07-27","","tests.CoachProfileTests","tests.CoachProfileTests","test07ProfileFaqOpensAndCloses"
"Starts from an existing-progress Daily Plan, opens the Kegel workout, verifies the start screen, starts the player, checks controls, and exits through confirmation.","63707","Kegel exercise opens, plays, controls work, and exits safely","","2026-07-27","broken","2026-07-27","","tests.KegelExerciseTests","tests.KegelExerciseTests","test01KegelExercisePlayerFlow"
"Тест отправляет в чате дебажное сообщение и получает селекторы","10489","Интент /debug_selector","","2026-07-27","broken","2026-07-27","","tests.ChatTests","tests.ChatTests","testChatInput4"
"Long-presses the first Daily Practice item, verifies customization actions, opens the Remove from Daily Plan confirmation, cancels it, and verifies the item remains.","22934","COA-8506 COA-8513 COA-8514 Daily Plan item remove action can be cancelled","","2026-07-27","skipped","2026-07-27","","tests.DailyPlanTests","tests.DailyPlanTests","test05DailyPlanRemoveActionCanBeCancelled"
"","1","testCompareArticleTitle","","2026-07-27","skipped","2026-07-27","","tests.HW.ArticleTests","tests.HW.ArticleTests","testCompareArticleTitle"
"Verifies the Courses heading, at least one course card, and a non-empty course image area.","5217","COA-8182 Courses section displays course cards","","2026-07-27","passed","2026-07-27","","tests.ExploreTests","tests.ExploreTests","testCoursesSectionDisplaysCards"
"Verifies the current Main programs area: the legacy group heading is no longer rendered, while Recommended for you contains program cards.","4356","COA-8181 Main programs displays Recommended for you","","2026-07-27","passed","2026-07-27","","tests.ExploreTests","tests.ExploreTests","testMainProgramsDisplaysRecommendedForYou"
"Тест отправляет в чате дебажное сообщение и проверяет что пришел пдф файл","10408","Интент /debug_pdf_test","","2026-07-27","broken","2026-07-27","","tests.ChatTests","tests.ChatTests","testChatInput3"
"Horizontally swipes Body Practices until its last card is fully visible, opens it, verifies the exercise start screen, and returns.","19249","Swipe Body Practices and open the last practice","","2026-07-27","passed","2026-07-27","","tests.ExploreTests","tests.ExploreTests","testSwipeToLastBodyPracticeAndOpenIt"
"Opens an exercise instruction, verifies its image, title, three steps, and adjust controls, changes intensity, restores it, and returns to the Kegel start page.","68191","Kegel exercise instruction shows steps and supports intensity selection","","2026-07-27","failed","2026-07-27","","tests.KegelExerciseTests","tests.KegelExerciseTests","test05KegelExerciseInstructionPages"
"Logs out from Profile and verifies the start screen is displayed.","27046","COA-8500 Authorized user can log out","","2026-07-27","passed","2026-07-27","","tests.CoachProfileTests","tests.CoachProfileTests","test04AuthorizedUserCanLogOut"
"Horizontally swipes the Courses carousel until its last card is fully visible, opens it, verifies course details, and returns.","21621","Swipe Courses and open the last course","","2026-07-27","passed","2026-07-27","","tests.ExploreTests","tests.ExploreTests","testSwipeToLastCourseAndOpenIt"
"Тест открывает экран с данными пользователя","10522","Открыть настройки профиля","","2026-07-27","broken","2026-07-27","","tests.ProfileTests","tests.ProfileTests","testOpenProfile"
"Verifies the Body Practices heading, at least one scoped practice card, and the current Custom Kegel entry.","4929","Body Practices section displays practice cards","","2026-07-27","passed","2026-07-27","","tests.ExploreTests","tests.ExploreTests","testBodyPracticesSectionDisplaysCards"
"","5826","testCheckArticlesByTitleAndDescription","","2026-07-27","broken","2026-07-27","","tests.HW.HomeworkEx12","tests.HW.HomeworkEx12","testCheckArticlesByTitleAndDescription"
"Logs in with <redacted-email> and OTP <redacted-otp>, then verifies the authorized dashboard is displayed.","34731","COA-7935 Existing-progress user logs in with email and OTP","","2026-07-27","passed","2026-07-27","","tests.CoachAuthorizationTests","tests.CoachAuthorizationTests","test05ExistingProgressUserLoginWithEmailAndOtp"
"Scrolls using an element-based condition and verifies the lazily loaded Mind Practices heading and scoped cards.","4598","Mind Practices section displays practice cards","","2026-07-27","passed","2026-07-27","","tests.ExploreTests","tests.ExploreTests","testMindPracticesSectionDisplaysCards"
"Opens Custom Kegel from the current Body Practices section and verifies its start screen without beginning a workout.","8300","COA-8174 Custom Kegel is available from Explore","","2026-07-27","passed","2026-07-27","","tests.ExploreTests","tests.ExploreTests","testCustomKegelIsAvailableFromExplore"
"тест тест тест","11038","Отмена поиска в Feed","","2026-07-27","broken","2026-07-27","","tests.SearchTests","tests.SearchTests","testCancelSearch"
"Проверяем что на экране есть terms privacy и линк отправки фидбэка","13096","Данные на экране инфы о пользователе","","2026-07-27","broken","2026-07-27","","tests.ProfileTests","tests.ProfileTests","testAssertUserData"
"","5868","testCheckArticlesByTitleAndDescription","","2026-07-27","broken","2026-07-27","","tests.HW.HomeworkEx18","tests.HW.HomeworkEx18","testCheckArticlesByTitleAndDescription"
"Compares current course-card dimensions with program cards and verifies the first video course opens its detail content.","15854","COA-8185 Explore course cards are compact and open course details","","2026-07-27","broken","2026-07-27","","tests.ExploreTests","tests.ExploreTests","testCourseCardsAreCompactAndOpenDetails"
"Verifies the Resend code action remains available after requesting an OTP for a valid non-progress email.","16819","COA-7952 Resend code is available on OTP screen","","2026-07-27","passed","2026-07-27","","tests.CoachAuthorizationTests","tests.CoachAuthorizationTests","test04ResendCodeOnOtpScreen"
"Horizontally swipes the Recommended for you carousel until its last card is fully visible, opens it, verifies program details, and returns.","26704","Swipe Recommended for you and open the last program","","2026-07-27","broken","2026-07-27","","tests.ExploreTests","tests.ExploreTests","testSwipeToLastRecommendedProgramAndOpenIt"
"Starts from the existing-progress account, opens Account Settings from Profile, verifies the email form, and returns to Profile.","49663","COA-7205 Profile Account Settings opens and returns","","2026-07-27","passed","2026-07-27","","tests.CoachProfileTests","tests.CoachProfileTests","test05ProfileAccountSettingsOpensAndReturns"
"Checks all post-workout intensity options and selects Too Hard when completion feedback is available for the progress account.","24281","Kegel completion feedback allows changing exercise intensity","","2026-07-27","skipped","2026-07-27","","tests.KegelExerciseTests","tests.KegelExerciseTests","test04KegelCompletionIntensityCanBeChanged"
"Submits a valid non-progress email, verifies the OTP screen, then cancels back to the start screen without logging in.","16581","COA-7949 COA-7951 Valid email opens OTP screen and Cancel returns to start","","2026-07-27","passed","2026-07-27","","tests.CoachAuthorizationTests","tests.CoachAuthorizationTests","test03ValidEmailOpensOtpAndCancelReturnsToStart"
"Starts from the existing-progress account, opens Profile from Today, and verifies the main profile metrics and action blocks.","21008","COA-7205 Profile screen shows progress and settings blocks","","2026-07-27","passed","2026-07-27","","tests.CoachProfileTests","tests.CoachProfileTests","test01ProfileScreenShowsProgressAndSettings"
"Verifies the Kegel start page information and confirms that multiple exercises include intensity and duration metadata.","76372","Kegel start page shows level, goal, intensity, duration, and exercise information","","2026-07-27","passed","2026-07-27","","tests.KegelExerciseTests","tests.KegelExerciseTests","test03KegelStartPageExerciseInformation"
"Starts from the existing-progress account, opens Terms and privacy policy from Profile, verifies the browser content, and closes it back to Profile.","36103","COA-7205 Profile Terms and privacy policy opens and closes","","2026-07-27","broken","2026-07-27","","tests.CoachProfileTests","tests.CoachProfileTests","test08ProfileTermsOpensAndCloses"
"Открываем фастинг включаем его запускаем таймер","11029","Трэк нутришн фастинг","","2026-07-27","broken","2026-07-27","","tests.ProfileTests","tests.ProfileTests","testOpenNutrition"
"Verifies the mail form rejects an invalid email format before OTP is requested.","25557","COA-7950 Invalid email does not enable Continue","","2026-07-27","passed","2026-07-27","","tests.CoachAuthorizationTests","tests.CoachAuthorizationTests","test02InvalidEmailKeepsContinueDisabled"
"Verifies the app-level push notification prompt when it is present in the current launch configuration. The test skips cleanly if the one-time prompt is already consumed on the device.","601","COA-3461 COA-7918 Notification prompt is shown and can be closed","","2026-07-27","skipped","2026-07-27","","tests.PushNotificationTests","tests.PushNotificationTests","testNotificationPromptCanBeClosed"
"Logs in on the male build using <redacted-email> and OTP <redacted-otp>, then verifies the authorized dashboard.","16047","Male build login with ds account and OTP","","2026-07-27","passed","2026-07-27","","tests.MaleBuildStartScreenTests","tests.MaleBuildStartScreenTests","test02MaleBuildLoginWithDsAccountAndOtp"
"Starts from the existing-progress account, opens Support from Profile, verifies Support content, and returns to Profile.","31374","COA-7205 Profile Support opens and returns","","2026-07-27","broken","2026-07-27","","tests.CoachProfileTests","tests.CoachProfileTests","test06ProfileSupportOpensAndReturns"
"Starts from the progress-dependent Daily Plan, opens the first Daily Practice exercise, verifies the practice start screen, and returns without starting or completing it.","21411","COA-7967 Daily Plan exercise opens and returns","","2026-07-27","passed","2026-07-27","","tests.DailyPlanTests","tests.DailyPlanTests","test04DailyPlanExerciseOpensAndReturns"
"Checks enabled and disabled sound/vibration combinations independently and restores both controls to enabled.","85317","Kegel sound and vibration controls support independent configurations","","2026-07-27","broken","2026-07-27","","tests.KegelExerciseTests","tests.KegelExerciseTests","test02KegelSoundAndVibrationConfigurations"
"Тест отправляет в чате дебажное сообщение и проверяет что пришла картинка","10970","Интент /debug_image","","2026-07-27","broken","2026-07-27","","tests.ChatTests","tests.ChatTests","testChatInput1"
"Opens the destructive delete-account confirmation and cancels it; the test never confirms account deletion.","19869","COA-8502 Delete account confirmation can be cancelled","","2026-07-27","passed","2026-07-27","","tests.CoachProfileTests","tests.CoachProfileTests","test03DeleteAccountConfirmationCanBeCancelled"
"Тест отправляет в чате дебажное сообщение и получает видео","10980","Интент /debug_show_video","","2026-07-27","broken","2026-07-27","","tests.ChatTests","tests.ChatTests","testChatInput5"
"Тест отправляет в чате дебажное сообщение и получает карточку daily survey","10940","Интент /debug_questionnaire","","2026-07-27","broken","2026-07-27","","tests.ChatTests","tests.ChatTests","testChatInput9"
"","0","testSwipeArticle","","2026-07-27","skipped","2026-07-27","","tests.HW.ArticleTests","tests.HW.ArticleTests","testSwipeArticle"
"Opens Today and verifies the Daily Plan day switcher and Daily Practice content visible for the existing-progress account.","15882","COA-7967 Daily Plan shows current day and practice","","2026-07-27","passed","2026-07-27","","tests.DailyPlanTests","tests.DailyPlanTests","test01DailyPlanLessonsAndPracticeDisplayed"
"Тест отправляет в чате дебажное сообщение и проверяет что пришла гифка","10978","Интент /debug_gif","","2026-07-27","broken","2026-07-27","","tests.ChatTests","tests.ChatTests","testChatInput2"
"Тест отправляет в чате дебажное сообщение и получает пикер веса","10986","Интент /debug_controls_dimension_picker_weight","","2026-07-27","broken","2026-07-27","","tests.ChatTests","tests.ChatTests","testChatInput11"
"Verifies male build start screen actions: Terms, Privacy, Get Started, and Login entry points.","21657","Male build start screen buttons and links","","2026-07-27","passed","2026-07-27","","tests.MaleBuildStartScreenTests","tests.MaleBuildStartScreenTests","test01MaleBuildStartScreenButtonsAndLinks"
"Starts from an authorized app state, handles Feed deprecation popup, logs out, and verifies Login and Start buttons on the start screen.","11818","Open Feed, log out, and verify start screen actions","","2026-07-27","broken","2026-07-27","","tests.CoachAuthorizationFlowTests","tests.CoachAuthorizationFlowTests","testFeedPopupLogoutAndStartScreenButtons"
"Starts from logged-out state, opens Login from the welcome screen, and verifies Continue is disabled when email is empty.","23944","COA-7954 COA-7948 Login entry opens email form and empty email keeps Continue disabled","","2026-07-27","passed","2026-07-27","","tests.CoachAuthorizationTests","tests.CoachAuthorizationTests","test01LoginEntryAndEmptyEmailContinueDisabled"
"Starts from the progress-dependent Daily Plan, opens the first available Daily Lesson when the current program day exposes one, verifies content, and returns to Daily Plan.","14434","COA-7966 Daily Plan lesson opens and returns","","2026-07-27","skipped","2026-07-27","","tests.DailyPlanTests","tests.DailyPlanTests","test03DailyPlanLessonOpensAndReturns"
"","5860","testSaveFirstArticleToMyList","","2026-07-27","broken","2026-07-27","","tests.HW.HomeworkEx17","tests.HW.HomeworkEx17","testSaveFirstArticleToMyList"
"Verifies a current image-backed recommended program card is tappable, opens its detail screen, and does not show the concept-program popup.","12888","COA-8183 COA-8184 COA-8224 Recommended program card opens program details","","2026-07-27","broken","2026-07-27","","tests.ExploreTests","tests.ExploreTests","testRecommendedProgramOpensDetails"
"Тест отправляет в чате дебажное сообщение и получает карточку с планом на день","10978","Интент /debug_daily_plan","","2026-07-27","broken","2026-07-27","","tests.ChatTests","tests.ChatTests","testChatInput6"
